{"schemaVersion":"1.0","appDefinitionTemplate":{"id":"/providers/Microsoft.PowerApps/apps/","type":"Microsoft.PowerApps/apps","tags":{"primaryDeviceWidth":"1366","primaryDeviceHeight":"768","supportsPortrait":"false","supportsLandscape":"true","primaryFormFactor":"Tablet","publisherVersion":"3.23062.17","minimumRequiredApiVersion":"2.2.0","hasComponent":"false","hasUnlockedComponent":"false","isUnifiedRootApp":"false","sienaVersion":"20230626T103002Z-3.23062.17.0"},"properties":{"appVersion":"2023-06-26T10:30:02Z","lifeCycleId":"Published","createdByClientVersion":{"major":3,"minor":23062,"build":17,"revision":0,"majorRevision":0,"minorRevision":0},"minClientVersion":{"major":3,"minor":23062,"build":17,"revision":0,"majorRevision":0,"minorRevision":0},"backgroundColor":"rgba(129, 42, 141, 1)","backgroundImageUri":"/7380074371822074126/N6c2998c9-91c3-4f70-990b-0399a80d7f5f-logoSmallFile","displayName":"Power Apps Training for Office_1029","description":"Learn how to build Microsoft Office components in PowerApps. This how-to guide provides step-by-step instructions and powerful resources for building powerful line of business applications.","commitMessage":"","appUris":{"documentUri":{"value":"/7380074371822074126/Nb0679173-8616-406e-951f-f1b5ed1c1de7-document.msapp"},"imageUris":[],"additionalUris":[]},"createdTime":"0001-01-01T00:00:00Z","lastModifiedTime":"0001-01-01T00:00:00Z","sharedGroupsCount":0,"sharedUsersCount":0,"connectionReferences":{"631c0fb0-c91e-4afb-8b11-cba5d6872f5e":{"id":"0946ba52-f40c-4639-8f54-625d48574c26","displayName":"Office 365 Users","iconUri":"https://connectoricons-prod.azureedge.net/u/laborbol/partial-builds/390724148/1.0.1641.3327/office365users/icon.png","dataSources":["Office365Users"],"dependencies":[],"dependents":[],"parameterHints":{},"parameterHintsV2":{},"isOnPremiseConnection":false,"dataSets":{},"apiTier":"Standard","isCustomApiConnection":false,"actions":["SearchUser","UserPhotoMetadata","UserPhoto","Manager"]},"3e990f5f-a334-4e3e-960b-5ba326f81694":{"id":"770c9ed7-5691-4236-85fc-459e3d7475cc","displayName":"Planner","iconUri":"https://connectoricons-prod.azureedge.net/u/shgogna/globalperconnector-train1/1.0.1639.3312/planner/icon.png","dataSources":["Planner"],"dependencies":[],"dependents":[],"parameterHints":{},"parameterHintsV2":{},"isOnPremiseConnection":false,"dataSets":{},"apiTier":"Standard","isCustomApiConnection":false,"actions":["ListMyPlansV2","ListBuckets","CreateTask","UpdateTaskDetails"]},"88440dcb-31dd-4475-b013-ba3ac5e68e51":{"id":"6eb9a628-3d16-47ad-b63d-d72e650c7586","displayName":"Office 365 Outlook","iconUri":"https://connectoricons-prod.azureedge.net/u/laborbol/partial-builds/390724148/1.0.1641.3327/office365/icon.png","dataSources":["Office365"],"dependencies":[],"dependents":[],"parameterHints":{},"parameterHintsV2":{},"isOnPremiseConnection":false,"dataSets":{},"apiTier":"Standard","isCustomApiConnection":false,"actions":["SendEmail"]},"7492cf69-cc78-477d-9fc8-986387722984":{"id":"b736130a-ac3e-4137-835d-6e00f612a5dc","displayName":"OneNote (Business)","iconUri":"https://connectoricons-prod.azureedge.net/u/shgogna/globalperconnector-train1/1.0.1639.3312/onenote/icon.png","dataSources":["OneNote(Business)"],"dependencies":[],"dependents":[],"parameterHints":{},"parameterHintsV2":{},"isOnPremiseConnection":false,"dataSets":{},"apiTier":"Standard","isCustomApiConnection":false,"actions":["GetNotebooks","GetSectionsInNotebook","CreatePageInSection"]}},"databaseReferences":{},"almMode":"Environment","performanceOptimizationEnabled":true,"canConsumeAppPass":true,"enableModernRuntimeMode":false,"executionRestrictions":{"isTeamsOnly":false,"dataLossPreventionEvaluationResult":{"status":"Compliant","lastEvaluationDate":"2023-06-26T10:30:05.046614Z","violations":[],"violationsByPolicy":[],"violationErrorMessage":"The app uses the following connectors: shared_office365users, shared_planner, shared_office365, shared_onenote."}}},"appType":"ClassicCanvasApp","appComponents":[]}}